Make,Model
Abarth,124 Spider
Abarth,500
Abarth,500C
Abarth,595
Abarth,595C
Abarth,695
Abarth,695C
Abarth,Grande Punto
Abarth,Punto Evo
AC,Cobra
Aixam,500
Alfa Romeo,147
Alfa Romeo,156
Alfa Romeo,156 Sportwagon
Alfa Romeo,159
Alfa Romeo,159 Sportwagon
Alfa Romeo,166
Alfa Romeo,2000
Alfa Romeo,33
Alfa Romeo,4C
Alfa Romeo,8C
Alfa Romeo,Brera
Alfa Romeo,Giulia
Alfa Romeo,Giulietta
Alfa Romeo,GT
Alfa Romeo,GTV
Alfa Romeo,GTV 6
Alfa Romeo,MiTo
Alfa Romeo,Spider
Alfa Romeo,Stelvio
Alpine,A110
Ariel,Atom
Ariel,Nomad
Aston Martin,Cygnet
Aston Martin,DB11
Aston Martin,DB2
Aston Martin,DB4
Aston Martin,DB5
Aston Martin,DB6
Aston Martin,DB7
Aston Martin,DB9
Aston Martin,DBS
Aston Martin,Rapide
Aston Martin,Rapide S
Aston Martin,V12 Zagato
Aston Martin,V8
Aston Martin,Vanquish
Aston Martin,Vantage
Aston Martin,Virage
Audi,100
Audi,80
Audi,A1799
Audi,A2
Audi,A324
Audi,A3 Cabriolet
Audi,A4723
Audi,A4 Allroad
Audi,A4 Avant736
Audi,A4 Cabriolet
Audi,A5631
Audi,A5 Cabriolet
Audi,A6 Allroad
Audi,A6 Avant118
Audi,A6 Saloon480
Audi,A6 Unspecified
Audi,A7
Audi,A8
Audi,Allroad
Audi,Cabriolet
Audi,Coupe
Audi,E-Tron
Audi,Q2277
Audi,Q3189
Audi,Q542
Audi,Q7193
Audi,Q8
Audi,quattro
Audi,R8
Audi,RS Q3
Audi,RS2
Audi,RS3
Audi,RS4
Audi,RS4 Avant
Audi,RS4 Cabriolet
Audi,RS5
Audi,RS6
Audi,RS6 Avant
Audi,RS7
Audi,S1
Audi,S3
Audi,S4
Audi,S4 Avant
Audi,S4 Cabriolet
Audi,S5
Audi,S6 Avant
Audi,S6 Saloon
Audi,S7
Audi,S8
Audi,SQ2
Audi,SQ5
Audi,SQ7
Audi,SQ8
Audi,TT284
Audi,TT RS
Audi,TTS
Austin,Allegro
Austin,Cooper
Austin,Healey
Austin,Metro
Austin,Mini
Austin,Seven
Austin,Ten
Bac,Mono
Beauford,Open Tourer
Bentley,4.25 Litre
Bentley,Arnage
Bentley,Azure
Bentley,Bentayga
Bentley,Brooklands
Bentley,Continental
Bentley,Eight
Bentley,Flying Spur
Bentley,Mulsanne
Bentley,R-Type
Bentley,Series I
Bentley,T Series
Bentley,Turbo R
Bentley,Turbo RT
BMW,1 Series783
BMW,1 Series783
BMW,1502
BMW,1502
BMW,2 Series524
BMW,2 Series524
BMW,2 Series Active Tourer
BMW,2 Series Active Tourer
BMW,2 Series Gran Tourer
BMW,2 Series Gran Tourer
BMW,3 Series639
BMW,3 Series639
BMW,3 Series Gran Turismo
BMW,3 Series Gran Turismo
BMW,4 Series169
BMW,4 Series169
BMW,4 Series Gran Coupe394
BMW,4 Series Gran Coupe394
BMW,5 Series583
BMW,5 Series583
BMW,5 Series Gran Turismo
BMW,5 Series Gran Turismo
BMW,6 Series
BMW,6 Series
BMW,6 Series Gran Coupe
BMW,6 Series Gran Coupe
BMW,6 Series Gran Turismo
BMW,6 Series Gran Turismo
BMW,7 Series
BMW,7 Series
BMW,8 Series
BMW,8 Series
BMW,8 Series Gran Coupe
BMW,8 Series Gran Coupe
BMW,Alpina B10
BMW,Alpina B10
BMW,Alpina B3
BMW,Alpina B3
BMW,Alpina B3 Bi-Turbo
BMW,Alpina B3 Bi-Turbo
BMW,Alpina B4
BMW,Alpina B4
BMW,Alpina B5
BMW,Alpina B5
BMW,Alpina B9
BMW,Alpina B9
BMW,Alpina D3
BMW,Alpina D3
BMW,Alpina D3 Bi-Turbo
BMW,Alpina D3 Bi-Turbo
BMW,Alpina D4
BMW,Alpina D4
BMW,Alpina D4 Bi-Turbo
BMW,Alpina D4 Bi-Turbo
BMW,Alpina D5 Bi-Turbo
BMW,Alpina D5 Bi-Turbo
BMW,Alpina Roadster
BMW,Alpina Roadster
BMW,Alpina Unspecified Models
BMW,Alpina Unspecified Models
BMW,Alpina Xd3 Bi-Turbo
BMW,Alpina Xd3 Bi-Turbo
BMW,E9
BMW,E9
BMW,i3
BMW,i3
BMW,i8
BMW,i8
BMW,Isetta
BMW,Isetta
BMW,M2
BMW,M2
BMW,M3
BMW,M3
BMW,M4
BMW,M4
BMW,M5
BMW,M5
BMW,M6
BMW,M6
BMW,M6 Gran Coupe
BMW,M6 Gran Coupe
BMW,M8
BMW,M8
BMW,X196
BMW,X196
BMW,X2
BMW,X2
BMW,X3620
BMW,X3620
BMW,X3 M
BMW,X3 M
BMW,X4
BMW,X4
BMW,X4 M
BMW,X4 M
BMW,X5536
BMW,X5536
BMW,X5M
BMW,X5M
BMW,X6
BMW,X6
BMW,X6M
BMW,X6M
BMW,X7
BMW,X7
BMW,Z3
BMW,Z3
BMW,Z3M
BMW,Z3M
BMW,Z4
BMW,Z4
BMW,Z4M
BMW,Z4M
BMW,Z8
BMW,Z8
Bond,Bug
Bond,Equipe
Bristol,408
Bugatti,Veyron
Cadillac,BLS
Cadillac,CTS
Cadillac,Escalade
Cadillac,Fleetwood
Cadillac,Seville
Cadillac,SRX
Carbodies,Black Cab
Caterham,Seven
Chevrolet,Aveo
Chevrolet,C/K
Chevrolet,Camaro
Chevrolet,Captiva
Chevrolet,Chevy
Chevrolet,Corvette
Chevrolet,Cruze
Chevrolet,Epica
Chevrolet,Kalos
Chevrolet,Lacetti
Chevrolet,Matiz
Chevrolet,Orlando
Chevrolet,Silverado
Chevrolet,Spark
Chevrolet,Ssr
Chevrolet,Tacuma
Chevrolet,Trailblazer
Chevrolet,Trax
Chevrolet,Volt
Chrysler,300C
Chrysler,Crossfire
Chrysler,Delta
Chrysler,Grand Voyager
Chrysler,Neon
Chrysler,PT Cruiser
Chrysler,Sebring
Chrysler,Sebring Cabrio
Chrysler,Viper
Chrysler,Voyager
Chrysler,Ypsilon
Citroen,12/24 Touring
Citroen,2 CV
Citroen,AX
Citroen,Berlingo
Citroen,C-Crosser
Citroen,C-Zero
Citroen,C1164
Citroen,C2
Citroen,C3323
Citroen,C3 Aircross
Citroen,C3 Picasso
Citroen,C3 Pluriel
Citroen,C4
Citroen,C4 Cactus245
Citroen,C4 Picasso
Citroen,C4 Spacetourer
Citroen,C5
Citroen,C5 Aircross
Citroen,C6
Citroen,C8
Citroen,CX
Citroen,Dispatch
Citroen,DS3
Citroen,Ds3 Cabrio
Citroen,DS4
Citroen,DS5
Citroen,Grand C4 Picasso26
Citroen,Grand C4 Spacetourer
Citroen,Nemo Multispace
Citroen,Saxo
Citroen,SpaceTourer
Citroen,Xantia
Citroen,Xsara
Citroen,Xsara Picasso
Corvette,C7
Corvette,Stingray
Cupra,Ateca
Custom Vehicle,Replica
Dacia,Duster
Dacia,Logan MCV
Dacia,Logan MCV Stepway
Dacia,Sandero
Dacia,Sandero Stepway
Daewoo,Kalos
Daewoo,Lanos
Daewoo,Leganza
Daewoo,Matiz
Daewoo,Nubira
Daewoo,Tacuma
Daf,44
Daihatsu,Charade
Daihatsu,Copen
Daihatsu,Cuore
Daihatsu,Fourtrak
Daihatsu,Materia
Daihatsu,Sirion
Daihatsu,Terios
Daihatsu,YRV
Daimler,Conquest
Daimler,Double Six
Daimler,Limousine
Daimler,Saloon
Daimler,Sovereign
Daimler,Super Eight
Daimler,XJ Series
Daimler,XJ6
Datsun,240Z
Datsun,Stanza
DAX,Rush
DAX,Tojeiro
De Tomaso,Longchamp
De Tomaso,Pantera
Dodge,Avenger
Dodge,Caliber
Dodge,Challenger
Dodge,Charger
Dodge,Durango
Dodge,Journey
Dodge,Nitro
Dodge,RAM
Dodge,Viper
DS Automobiles,DS 3
DS Automobiles,DS 3 Cabrio
DS Automobiles,Ds 3 Crossback
DS Automobiles,DS 4
DS Automobiles,DS 4 Crossback
DS Automobiles,DS 5
DS Automobiles,DS 7 Crossback
Ferrari,246
Ferrari,250
Ferrari,275
Ferrari,288
Ferrari,308
Ferrari,328
Ferrari,348
Ferrari,355 F1
Ferrari,360
Ferrari,365
Ferrari,400
Ferrari,430
Ferrari,456
Ferrari,456M
Ferrari,458
Ferrari,488
Ferrari,488 Pista
Ferrari,512
Ferrari,550
Ferrari,575M
Ferrari,599
Ferrari,612
Ferrari,812 Superfast
Ferrari,California
Ferrari,Daytona
Ferrari,Dino
Ferrari,Enzo
Ferrari,F12berlinetta
Ferrari,F12tdf
Ferrari,F355
Ferrari,F40
Ferrari,F430
Ferrari,F50
Ferrari,F512
Ferrari,F8 Tributo
Ferrari,FF
Ferrari,Gtc4lusso
Ferrari,Laferrari
Ferrari,Mondial
Ferrari,Portofino
Ferrari,Scuderia Spider
Ferrari,Superamerica
Ferrari,Testarossa
Fiat,124 Spider
Fiat,126
Fiat,2300
Fiat,500570
Fiat,500C
Fiat,500L
Fiat,500X
Fiat,600
Fiat,Abarth
Fiat,Barchetta
Fiat,Bravo
Fiat,Coupe
Fiat,Croma
Fiat,Doblo
Fiat,Ducato
Fiat,Fiorino
Fiat,Fullback
Fiat,Grande Punto
Fiat,Idea
Fiat,Multipla
Fiat,Panda19
Fiat,Punto
Fiat,Punto Evo
Fiat,Qubo
Fiat,Scudo
Fiat,Sedici
Fiat,Seicento
Fiat,Spider
Fiat,Stilo
Fiat,Talento
Fiat,Tempra
Fiat,Tipo
Fiat,Ulysse
Ford,B-Max
Ford,C-Max573
Ford,Capri
Ford,Consul
Ford,Cortina
Ford,Cougar
Ford,Crown Victoria
Ford,Custom Cab
Ford,Econoline
Ford,EcoSport31
Ford,Edge
Ford,Escort
Ford,Explorer
Ford,F1
Ford,F150
Ford,F350
Ford,Fiesta488
Ford,Focus650
Ford,Focus C-Max
Ford,Focus CC
Ford,Freda
Ford,Fusion
Ford,Galaxy
Ford,Granada
Ford,Grand C-Max
Ford,Grand Tourneo Connect
Ford,GT
Ford,Ka366
Ford,Ka+
Ford,Kuga663
Ford,Maverick
Ford,Mondeo796
Ford,Mustang
Ford,Orion
Ford,P100
Ford,Puma
Ford,Ranger100
Ford,S-Max149
Ford,Scorpio
Ford,Sierra
Ford,Streetka
Ford,Thunderbird
Ford,Tourneo Connect
Ford,Tourneo Courier
Ford,Tourneo Custom
Ford,Transit
Ford,Transit Connect
Ford,Transit Courier
Ford,Transit Custom
Ginetta,G40
GMC,Pickup
GMC,Savana
GMC,Sierra
Great Wall,Steed
Holden,Commodore
Honda,Accord
Honda,Civic49
Honda,CR-V693
Honda,CR-Z
Honda,Crossroad
Honda,Elysion
Honda,FR-V
Honda,HR-V
Honda,Insight
Honda,Integra
Honda,Jazz813
Honda,Legend
Honda,Life
Honda,Logo
Honda,NSX
Honda,Odyssey
Honda,Prelude
Honda,S2000
Honda,Stepwagon
Honda,Stream
Hudson,Super 6
Humber,Hawk
Humber,Super
Hummer,H1
Hummer,H2
Hummer,H3
Hyundai,Accent
Hyundai,Amica
Hyundai,Atoz
Hyundai,Coupe
Hyundai,Elantra
Hyundai,Genesis
Hyundai,Getz
Hyundai,Grandeur
Hyundai,i10740
Hyundai,i20499
Hyundai,i30678
Hyundai,i40
Hyundai,i800
Hyundai,Iload
Hyundai,Ioniq
Hyundai,ix20
Hyundai,ix35
Hyundai,Kona
Hyundai,Matrix
Hyundai,Nexo
Hyundai,S-Coupe
Hyundai,Santa Fe
Hyundai,Sonata
Hyundai,Terracan
Hyundai,Trajet
Hyundai,Tucson262
Hyundai,Veloster
Infiniti,EX
Infiniti,FX
Infiniti,G
Infiniti,M
Infiniti,Q30
Infiniti,Q50
Infiniti,Q60
Infiniti,Q70
Infiniti,QX30
Infiniti,QX50
Infiniti,QX70
Isuzu,Bighorn
Isuzu,D-Max
Isuzu,Rodeo
Isuzu,TF
Isuzu,Trooper
Jaguar,C-Type
Jaguar,E-PACE
Jaguar,E-Type
Jaguar,F-PACE104
Jaguar,F-Type
Jaguar,I-Pace
Jaguar,Mark I
Jaguar,Mark Ii
Jaguar,S-Type
Jaguar,X-Type
Jaguar,XE443
Jaguar,XF332
Jaguar,XJ
Jaguar,XJR-S
Jaguar,XJS
Jaguar,XK
Jaguar,XK120
Jaguar,XK150
Jaguar,XK8
Jaguar,XKR
Jaguar,XKR-S
Jaguar,Xkss
Jeep,Cherokee
Jeep,Commander
Jeep,Compass
Jeep,Grand Cherokee
Jeep,Patriot
Jeep,Renegade
Jeep,Wrangler
Jensen,Interceptor
Kia,Carens
Kia,Ceed862
Kia,Cerato
Kia,Magentis
Kia,Niro
Kia,Optima
Kia,Picanto935
Kia,Pride
Kia,Proceed
Kia,Rio232
Kia,Sedona
Kia,Sorento
Kia,Soul
Kia,Sportage359
Kia,Stinger
Kia,Stonic
Kia,Venga
Kia,Xceed
Koenigsegg,Ccx
KTM,X-Bow
Lada,1200
Lamborghini,Aventador
Lamborghini,Countach
Lamborghini,Diablo
Lamborghini,Gallardo
Lamborghini,Huracan
Lamborghini,Jalpa
Lamborghini,Miura
Lamborghini,Murcielago
Lamborghini,Urus
Lancia,Beta
Lancia,Delta
Lancia,Gran Turismo
Land Rover,110
Land Rover,90
Land Rover,Defender 110
Land Rover,Defender 130
Land Rover,Defender 90
Land Rover,Defender Unspecified
Land Rover,Discovery
Land Rover,Discovery 3
Land Rover,Discovery 445
Land Rover,Discovery Sport104
Land Rover,Freelander
Land Rover,Freelander 2251
Land Rover,Range Rover785
Land Rover,Range Rover Evoque857
Land Rover,Range Rover Sport972
Land Rover,Range Rover Velar359
Land Rover,Series I
Land Rover,Series II
Land Rover,Series III
Levc,TX
Lexus,CT 200h
Lexus,ES 300h
Lexus,GS 250
Lexus,GS 300
Lexus,GS 430
Lexus,GS 450h
Lexus,GS 460
Lexus,GS F
Lexus,GS Unspecified
Lexus,IS 200
Lexus,IS 220d
Lexus,IS 250
Lexus,IS 300
Lexus,IS F
Lexus,IS Unspecified
Lexus,LC 500
Lexus,LS 400
Lexus,LS 430
Lexus,LS 460
Lexus,LS 500h
Lexus,LS 600h
Lexus,LS Unspecified
Lexus,NX 200t
Lexus,NX 300h
Lexus,NX Unspecified
Lexus,RC 200t
Lexus,RC 300h
Lexus,RC F
Lexus,RX 200t
Lexus,RX 300
Lexus,RX 350
Lexus,RX 400h
Lexus,RX 450h
Lexus,RX L 450h
Lexus,RX Unspecified
Lexus,SC 430
Lexus,UX 250h
Leyland,Mini
Lincoln,Continental
Lincoln,Navigator
Lincoln,Town Car
Lister,Jaguar Knobbly
London Taxis International,TX4
London Taxis International,Txi
London Taxis International,Txii
Lotus,2-Eleven
Lotus,Elan
Lotus,Elise
Lotus,Elise S
Lotus,Esprit
Lotus,Europa
Lotus,Evora
Lotus,Exige
Maserati,3200
Maserati,Cambiocorsa
Maserati,Coupe
Maserati,Ghibli
Maserati,GranCabrio
Maserati,Gransport
Maserati,Granturismo
Maserati,Indy
Maserati,Levante
Maserati,Quattroporte
Maserati,Shamal
Maserati,Spyder
Maybach,57
Maybach,62
Mazda,323
Mazda,626
Mazda,B-Series
Mazda,B2500
Mazda,Bongo
Mazda,BT-50
Mazda,CX-3
Mazda,CX-30
Mazda,CX-5235
Mazda,CX-7
Mazda,Demio
Mazda,Eunos
Mazda,Mazda2715
Mazda,Mazda3570
Mazda,Mazda5
Mazda,Mazda6462
Mazda,MPV
Mazda,MX-3
Mazda,MX-578
Mazda,MX-5 RF
Mazda,MX-6
Mazda,Premacy
Mazda,RX-7
Mazda,RX-8
Mazda,Tribute
McLaren,12C
McLaren,540C
McLaren,570GT
McLaren,570S
McLaren,570s Spider
McLaren,600LT
McLaren,650S
McLaren,675LT
McLaren,720S
McLaren,P1
McLaren,Senna
Mercedes-Benz,190
Mercedes-Benz,200
Mercedes-Benz,220
Mercedes-Benz,230
Mercedes-Benz,230 SL
Mercedes-Benz,240
Mercedes-Benz,250
Mercedes-Benz,260
Mercedes-Benz,280
Mercedes-Benz,300
Mercedes-Benz,310
Mercedes-Benz,320
Mercedes-Benz,350
Mercedes-Benz,380
Mercedes-Benz,420
Mercedes-Benz,450
Mercedes-Benz,500
Mercedes-Benz,560
Mercedes-Benz,A Class208
Mercedes-Benz,AMG
Mercedes-Benz,Amg Gt
Mercedes-Benz,B Class342
Mercedes-Benz,C Class678
Mercedes-Benz,Ce Class
Mercedes-Benz,Citan
Mercedes-Benz,Citan Traveliner
Mercedes-Benz,CL
Mercedes-Benz,CLA Class327
Mercedes-Benz,CLC Class
Mercedes-Benz,CLK
Mercedes-Benz,CLS
Mercedes-Benz,E Class51
Mercedes-Benz,Eqc
Mercedes-Benz,G Class
Mercedes-Benz,GL Class
Mercedes-Benz,GLA Class260
Mercedes-Benz,Glb Class
Mercedes-Benz,GLC Class567
Mercedes-Benz,GLE Class
Mercedes-Benz,GLS Class
Mercedes-Benz,M Class
Mercedes-Benz,Maybach S Class
Mercedes-Benz,R Class
Mercedes-Benz,S Class
Mercedes-Benz,Se Class
Mercedes-Benz,Sec Series
Mercedes-Benz,SL Class
Mercedes-Benz,SLC
Mercedes-Benz,SLK37
Mercedes-Benz,SLR McLaren
Mercedes-Benz,SLS
Mercedes-Benz,Sprinter
Mercedes-Benz,V Class
Mercedes-Benz,Vaneo
Mercedes-Benz,Viano
Mercedes-Benz,Vito
Mercedes-Benz,X Class
MG,1300
MG,GS
MG,Metro
MG,Mg Hs
MG,MG3
MG,MG6
MG,MGA
MG,MGB
MG,MGB GT
MG,MGC
MG,MGF
MG,Midget
MG,RV8
MG,TC
MG,TD
MG,TF
MG,XPower
MG,ZR
MG,ZS
MG,ZT
MG,ZT-T
Microcar,M.GO
Microcar,MC1
Microcar,Virgo
MINI,Clubman
MINI,Clubvan
MINI,Convertible457
MINI,Countryman63
MINI,Coupe
MINI,Hatch888
MINI,Paceman
MINI,Roadster
Mitsubishi,3000GT
Mitsubishi,ASX
Mitsubishi,Carisma
Mitsubishi,Colt
Mitsubishi,Colt Cabriolet
Mitsubishi,Colt Space Star
Mitsubishi,Delica
Mitsubishi,Eclipse
Mitsubishi,Eclipse Cross
Mitsubishi,FTO
Mitsubishi,Galant
Mitsubishi,Grandis
Mitsubishi,Gto
Mitsubishi,i
Mitsubishi,Jeep J-Series
Mitsubishi,L200435
Mitsubishi,Lancer
Mitsubishi,Mirage
Mitsubishi,Outlander673
Mitsubishi,Pajero
Mitsubishi,Shogun
Mitsubishi,Shogun Pinin
Mitsubishi,Shogun Sport
Mitsubishi,Space Star
Mitsubishi,Space Wagon
Mnr,Vortx
Morgan,3 Wheeler
Morgan,04-Apr
Morgan,Aero
Morgan,Plus 4
Morgan,Plus 8
Morgan,Roadster
Morris,Marina
Morris,Mini
Morris,Minor
Nissan,200
Nissan,300
Nissan,350 Z
Nissan,370 Z
Nissan,Almera
Nissan,Almera Tino
Nissan,Cube
Nissan,Cubic
Nissan,e-NV200
Nissan,Elgrand
Nissan,eNV200 Evalia
Nissan,Fairlady
Nissan,Figaro
Nissan,GT-R
Nissan,Juke889
Nissan,Largo
Nissan,Leaf
Nissan,Micra521
Nissan,Micra C+C
Nissan,Murano
Nissan,Navara61
Nissan,Note505
Nissan,NV200
Nissan,NV300
Nissan,Pathfinder
Nissan,Patrol
Nissan,Patrol GR
Nissan,Pickup
Nissan,Pixo
Nissan,Prairie
Nissan,President
Nissan,Primera
Nissan,Pulsar
Nissan,Qashqai328
Nissan,Qashqai+2
Nissan,Sentra
Nissan,Serena
Nissan,Silvia
Nissan,Skyline
Nissan,Stagea
Nissan,Terrano
Nissan,Tiida
Nissan,X-Trail7
Noble,M12
Noble,M600
Oldsmobile,442
Opel,Admiral
Opel,Astra
Opel,Corsa
Opel,GT
Opel,Insignia
Opel,Zafira
Perodua,Kenari
Perodua,Myvi
Peugeot,1007
Peugeot,106
Peugeot,107
Peugeot,108574
Peugeot,2008429
Peugeot,205
Peugeot,206
Peugeot,206 CC
Peugeot,206 SW
Peugeot,207
Peugeot,207 CC
Peugeot,207 SW
Peugeot,20810
Peugeot,3008124
Peugeot,306
Peugeot,307
Peugeot,307 CC
Peugeot,307 SW
Peugeot,308803
Peugeot,308 CC
Peugeot,308 SW
Peugeot,309
Peugeot,4007
Peugeot,406
Peugeot,407
Peugeot,407 SW
Peugeot,5008
Peugeot,508
Peugeot,508 SW
Peugeot,607
Peugeot,806
Peugeot,807
Peugeot,Bipper Tepee
Peugeot,Expert
Peugeot,Expert Tepee
Peugeot,iOn
Peugeot,Partner
Peugeot,Partner Tepee
Peugeot,RCZ
Peugeot,Rifter
Peugeot,Traveller
Piaggio,Porter
Pilgrim,3000
Pilgrim,Sumo
Plymouth,Roadrunner
Pontiac,Firebird
Porsche,356
Porsche,550 Spyder
Porsche,718 Boxster
Porsche,718 Cayman
Porsche,718 Spyder
Porsche,911976
Porsche,918
Porsche,924
Porsche,928
Porsche,944
Porsche,968
Porsche,Boxster
Porsche,Carrera Gt
Porsche,Cayenne50
Porsche,Cayman
Porsche,Macan
Porsche,Panamera
Porsche,Taycan
Proton,GEN-2
Proton,Impian
Proton,Persona
Proton,Satria Neo
Proton,Savvy
Proton,Wira
Radical,SR3
Reliant,Regal
Renault,16
Renault,19
Renault,25
Renault,5
Renault,Alpine
Renault,Captur105
Renault,Clio250
Renault,Espace
Renault,Grand Espace
Renault,Grand Modus
Renault,Grand Scenic
Renault,Kadjar472
Renault,Kangoo
Renault,Kangoo Maxi
Renault,Koleos
Renault,Laguna
Renault,Master
Renault,Megane882
Renault,Modus
Renault,Scenic
Renault,Scenic Xmod
Renault,Trafic
Renault,Twingo
Renault,Twizy
Renault,Vel Satis
Renault,Wind
Renault,Zoe
Replica,Cobra
Reva,G-Wiz
Riley,Rm Series
Robin Hood,Project 2b
Rolls-Royce,20/25
Rolls-Royce,25/30
Rolls-Royce,Corniche
Rolls-Royce,Cullinan
Rolls-Royce,Dawn
Rolls-Royce,Ghost
Rolls-Royce,Park Ward
Rolls-Royce,Phantom
Rolls-Royce,Silver Cloud
Rolls-Royce,Silver Dawn
Rolls-Royce,Silver Seraph
Rolls-Royce,Silver Shadow
Rolls-Royce,Silver Spirit
Rolls-Royce,Silver Spur
Rolls-Royce,Wraith
Rover,100
Rover,110
Rover,200
Rover,25
Rover,400
Rover,45
Rover,600
Rover,75
Rover,75 Tourer
Rover,800
Rover,90
Rover,City Rover
Rover,Metro
Rover,Mini
Rover,Streetwise
Saab,09-Mar
Saab,09-May
Saab,900
Saab,900 Talladega
Saab,9000
Saab,96
SEAT,Alhambra
SEAT,Altea
SEAT,Altea XL
SEAT,Arona
SEAT,Arosa
SEAT,Ateca
SEAT,Cordoba
SEAT,Exeo
SEAT,Ibiza29
SEAT,Leon249
SEAT,Mii
SEAT,Tarraco
SEAT,Toledo
Sebring,SX
Singer,Vogue
SKODA,Citigo
SKODA,Fabia787
SKODA,Felicia
SKODA,Kamiq
SKODA,Karoq
SKODA,Kodiaq
SKODA,Octavia245
SKODA,Rapid
SKODA,Rapid Spaceback
SKODA,Roomster
SKODA,Scala
SKODA,Superb479
SKODA,Yeti
Smart,forfour
Smart,fortwo
Smart,Roadster
Spyker,C8 Spyder
Ssangyong,Actyon
Ssangyong,Korando
Ssangyong,Korando Sports
Ssangyong,Kyron
Ssangyong,Musso
Ssangyong,Rexton
Ssangyong,Rodius
Ssangyong,Tivoli
Ssangyong,Tivoli XLV
Ssangyong,Turismo
Standard,Super 10
Studebaker,Sky Hawk
Subaru,BRZ
Subaru,Forester
Subaru,Impreza
Subaru,Justy
Subaru,Legacy
Subaru,Levorg
Subaru,Outback
Subaru,Sambar
Subaru,Tribeca
Subaru,WRX STI
Subaru,XV
Suzuki,Alto
Suzuki,Baleno
Suzuki,Celerio
Suzuki,Grand Vitara
Suzuki,Ignis
Suzuki,Jimny
Suzuki,Kizashi
Suzuki,Liana
Suzuki,SJ413
Suzuki,Splash
Suzuki,Swift559
Suzuki,SX4
Suzuki,SX4 S-Cross
Suzuki,Vitara17
Suzuki,Wagon R
Suzuki,X-90
Tesla,Model 3
Tesla,Model S
Tesla,Model X
Tesla,Roadster
Tiger,Avon
Toyota,4-Runner
Toyota,Alphard
Toyota,Altezza
Toyota,Aristo
Toyota,Auris73
Toyota,Avensis
Toyota,Avensis Verso
Toyota,AYGO875
Toyota,BB
Toyota,C-HR
Toyota,Camry
Toyota,Carina E
Toyota,Celica
Toyota,Corolla
Toyota,Corolla Verso
Toyota,Crown
Toyota,Emina
Toyota,Estima
Toyota,Fj Cruiser
Toyota,Granvia
Toyota,GT86
Toyota,HiAce
Toyota,Hilux
Toyota,iQ
Toyota,Kluger
Toyota,Land Cruiser
Toyota,Land Cruiser Amazon
Toyota,Land Cruiser Colorado
Toyota,Lucida
Toyota,Mr-S
Toyota,MR2
Toyota,Noah
Toyota,Picnic
Toyota,Previa
Toyota,Prius
Toyota,Prius+
Toyota,Proace
Toyota,PROACE Verso
Toyota,RAV4513
Toyota,Rush
Toyota,Soarer
Toyota,Starlet
Toyota,Starlet Glanza V
Toyota,Supra
Toyota,Surf
Toyota,Townace
Toyota,Urbancruiser
Toyota,Vellfire
Toyota,Verso
Toyota,Verso S
Toyota,Voxy
Toyota,Yaris33
Toyota,Yaris Verso
Triumph,GT6
Triumph,Herald
Triumph,Spitfire
Triumph,Stag
Triumph,TR2
Triumph,TR3
Triumph,TR4
Triumph,TR6
Triumph,TR7
Triumph,Vitesse
TVR,Cerbera
TVR,Chimaera
TVR,Griffith
TVR,S Convertible
TVR,S2
TVR,S3
TVR,Sagaris
TVR,Tamora
TVR,Tuscan
Vauxhall,ADAM457
Vauxhall,Agila
Vauxhall,Ampera
Vauxhall,Antara
Vauxhall,Astra821
Vauxhall,Astra GTC
Vauxhall,Belmont
Vauxhall,Brava
Vauxhall,Calibra
Vauxhall,Carlton
Vauxhall,Cascada
Vauxhall,Cavalier
Vauxhall,Combo
Vauxhall,Combo Life
Vauxhall,Combo Tour
Vauxhall,Corsa542
Vauxhall,Crossland X283
Vauxhall,Frontera
Vauxhall,Grandland X72
Vauxhall,Insignia906
Vauxhall,Lotus Carlton
Vauxhall,Meriva137
Vauxhall,Mokka228
Vauxhall,Mokka X551
Vauxhall,Monaro
Vauxhall,Movano
Vauxhall,Nova
Vauxhall,Omega
Vauxhall,Signum
Vauxhall,Tigra
Vauxhall,Vectra
Vauxhall,Viva
Vauxhall,Vivaro
Vauxhall,Vivaro Life
Vauxhall,VX220
Vauxhall,VXR8
Vauxhall,Zafira364
Vauxhall,Zafira Tourer116
Volkswagen,Amarok
Volkswagen,Arteon
Volkswagen,Beach Buggy
Volkswagen,Beetle
Volkswagen,Bora
Volkswagen,Caddy
Volkswagen,Caddy Life
Volkswagen,Caddy Maxi
Volkswagen,Caddy Maxi Life
Volkswagen,California
Volkswagen,Campervan
Volkswagen,Caravelle
Volkswagen,CC
Volkswagen,Corrado
Volkswagen,Eos
Volkswagen,Fox
Volkswagen,Golf801
Volkswagen,Golf Plus
Volkswagen,Golf SV
Volkswagen,Jetta
Volkswagen,Karmann
Volkswagen,Lupo
Volkswagen,Passat903
Volkswagen,Phaeton
Volkswagen,Polo183
Volkswagen,Scirocco115
Volkswagen,Sharan
Volkswagen,T-Cross
Volkswagen,T-Roc
Volkswagen,Tiguan369
Volkswagen,Tiguan Allspace
Volkswagen,Touareg
Volkswagen,Touran
Volkswagen,Transporter
Volkswagen,Transporter Shuttle
Volkswagen,Transporter Sportline
Volkswagen,up!230
Volkswagen,Vento
Volvo,132
Volvo,144
Volvo,240
Volvo,260
Volvo,760
Volvo,850
Volvo,940
Volvo,960
Volvo,C30
Volvo,C70
Volvo,P1800
Volvo,S40
Volvo,S60
Volvo,S80
Volvo,S90
Volvo,V40762
Volvo,V40 Cross Country
Volvo,V50
Volvo,V6036
Volvo,V60 Cross Country
Volvo,V70
Volvo,V90
Volvo,V90 Cross Country
Volvo,XC40
Volvo,XC6050
Volvo,XC70
Volvo,XC90299
Weineck,Cobra
Westfield,1600
Westfield,7
Westfield,Mega
Westfield,SE
Westfield,Sei
Westfield,SEight
Wolseley,6/110
Zenos,E10
